IgM,,,
Mutation,Region,>8.5_%,<8.5_%
A7T,RT Region,8,0
D7A,RT Region,4,0
A7D,RT Region,4,0
A7E,RT Region,4,0
H9Y,RT Region,4,0
A11G,Core Region,0,17
S11C,PreCore Region,0,17
A11D,Core Region,3,0
S11F,PreCore Region,14,17
T12I,Core Region,0,17
C12R,PreCore Region,0,17
T12S,Core Region,10,17
P15R,PreCore Region,3,0
S21F,Core Region,3,0
A21S,RT Region,4,0
S21Q,Core Region,3,0
S21T,Core Region,3,17
D22E,Core Region,3,0
L22M,PreCore Region,3,0
R28Q,Core Region,3,0
G29D,PreCore Region,21,33
Q30K,SHB Region,8,0
L31F,Core Region,0,17
S31N,SHB Region,4,0
A34P,Core Region,0,17
S35A,Core Region,7,0
A36P,Core Region,0,17
A38T,RT Region,0,33
Y38F,Core Region,3,0
A38S,RT Region,4,0
A38E,RT Region,12,0
E40D,Core Region,10,17
A41G,Core Region,3,0
E43K,Core Region,3,0
S49T,Core Region,0,17
N53D,RT Region,85,100
Q54R,SHB Region,4,0
Y54H,RT Region,85,100
T57I,SHB Region,4,0
I59V,Core Region,3,0
I59F,Core Region,3,0
L60I,Core Region,3,0
C61W,Core Region,3,0
E64D,Core Region,3,0
N74G,Core Region,7,0
N74T,Core Region,7,0
N74A,Core Region,7,17
N74V,Core Region,79,83
N76D,RT Region,0,33
E77Q,Core Region,3,17
P79Q,Core Region,7,0
A80T,Core Region,7,0
L84Q,Core Region,3,17
L84Q,Core Region,3,17
V85E,Core Region,3,0
N87S,Core Region,100,100
L91I,RT Region,4,0
N92H,Core Region,3,0
F93S,SHB Region,4,0
I97F,Core Region,100,100
L100R,Core Region,3,0
Q101H,SHB Region,4,0
W102G,Core Region,10,0
S106F,Core Region,3,0
R112K,Core Region,3,17
S113A,SHB Region,4,0
E113Q,Core Region,10,17
E113K,Core Region,3,0
L115V,RT Region,4,0
L116I,Core Region,86,83
N118D,RT Region,8,0
T118V,SHB Region,69,100
T118A,SHB Region,8,0
L119F,Core Region,3,0
V120G,Core Region,3,0
I121S,RT Region,4,0
I121IS,RT Region,4,0
F122L,RT Region,4,0
N122H,RT Region,4,0
R122K,SHB Region,4,0
N123D,RT Region,8,0
T125M,SHB Region,8,0
H126R,RT Region,77,100
I126IS,Core Region,0,17
I126V,Core Region,3,0
G127GW,RT Region,4,0
T127P,SHB Region,4,0
T127A,SHB Region,4,0
T127L,SHB Region,4,0
R127G,Core Region,3,0
R127S,Core Region,0,17
A128V,SHB Region,81,100
M129L,RT Region,8,0
Q130P,RT Region,4,0
N131D,RT Region,8,0
A131P,Core Region,3,0
N131H,RT Region,4,0
M133T,SHB Region,4,0
Y135D,RT Region,4,0
Y135S,RT Region,8,0
Y135C,RT Region,4,0
P138R,Core Region,3,0
I139F,Core Region,3,17
I139F,Core Region,3,17
I139S,Core Region,3,0
L140F,RT Region,8,0
L140F,Core Region,3,0
T142IT,Core Region,0,17
G145R,SHB Region,4,0
Q149KQ,RT Region,4,0
I150F,SHB Region,4,0
R152QR,Core Region,3,0
D153,Core Region,7,17
R153Q,RT Region,4,0
D153G,Core Region,14,17
R154,Core Region,21,33
R154Q,Core Region,3,0
G155S,Core Region,3,17
Y158F,RT Region,4,0
G159A,SHB Region,4,0
R159K,Core Region,10,0
K160N,SHB Region,4,0
R160K,Core Region,3,0
V163I,RT Region,4,0
I169L,RT Region,4,0
R169V,SHB Region,4,0
P170S,RT Region,4,0
F170S,SHB Region,4,0
V177L,SHB Region,15,0
V177LV,SHB Region,4,0
P177R,RT Region,4,0
F178L,RT Region,4,0
F183I,SHB Region,4,0
S185T,RT Region,15,0
G185R,SHB Region,4,0
S185ST,RT Region,4,0
T189I,SHB Region,8,33
V191D,RT Region,4,0
V191I,RT Region,0,33
R192C,RT Region,4,0
R193K,RT Region,4,0
P203L,SHB Region,4,0
S204N,SHB Region,4,0
S207N,SHB Region,4,0
S207R,SHB Region,0,33
I208T,SHB Region,4,0
Q215S,RT Region,0,33
L216,SHB Region,4,0
P217L,SHB Region,4,0
F220L,SHB Region,4,0
C221Y,SHB Region,4,0
V224A,SHB Region,4,0
L229M,RT Region,4,0
N238H,RT Region,0,33
N248H,RT Region,15,0
I253V,RT Region,4,0
G255D,RT Region,4,0
Y257W,RT Region,8,0
D263E,RT Region,12,0
I266T,RT Region,4,0
I266R,RT Region,19,0
Q267H,RT Region,8,0
I269L,RT Region,8,0
E271D,RT Region,4,0
V278I,RT Region,4,0
P299R,RT Region,4,0
M309K,RT Region,4,0
Q316H,RT Region,15,0
S317A,RT Region,8,0
T322S,RT Region,4,0
P325R,RT Region,0,33
P325Q,RT Region,4,0
T326L,RT Region,4,0
Y327Q,RT Region,4,0
K328A,RT Region,4,0
A329F,RT Region,4,0
A329T,RT Region,0,33
F330C,RT Region,4,0
L331LV,RT Region,0,33
L331R,RT Region,4,0
L331V,RT Region,8,0
C332G,RT Region,4,0
C332Y,RT Region,4,0
C332T,RT Region,4,0
K333A,RT Region,0,33
K333I,RT Region,4,0
Q334L,RT Region,4,0
Q334H,RT Region,4,0
Q334I,RT Region,0,33
Y335N,RT Region,4,0
Y335L,RT Region,0,33
L336V,RT Region,4,0
L336M,RT Region,8,0
L336I,RT Region,0,33
N337H,RT Region,4,0
N337L,RT Region,0,33
N337T,RT Region,4,0
L338D,RT Region,4,0
Y339H,RT Region,4,0
Y339V,RT Region,0,33
Y339A,RT Region,4,0
Y339C,RT Region,4,0
P340G,RT Region,4,0
P340A,RT Region,0,33
V341G,RT Region,0,33
V341T,RT Region,4,0
A342T,RT Region,0,33
R343D,RT Region,0,33
Q344S,RT Region,4,0