RT_Region,,,SHB_Region,,,Pre_Core_Region,,,Core_Region,,
,>8.5_%,<8.5_%,,>8.5_%,<8.5_%,,>8.5_%,<8.5_%,,>8.5_%,<8.5_%
S185T,15 ,0 ,T189I,8 ,33 ,W28*,31 ,33 ,T12S,10 ,17 
Q316H,15 ,0 ,V177L,15 ,0 ,G29D,21 ,33 ,S21T,3 ,17 
M129L,8 ,0 ,T118A,8 ,0 ,S11C,0 ,17 ,P79Q,7 ,0 
L140F,8 ,0 ,T125M,8 ,0 ,C12R,0 ,17 ,E113Q,10 ,17 
N131D,8 ,0 ,Q54R,4 ,0 ,P15R,3 ,0 ,N74A,7 ,17 
D263E,12 ,0 ,I150F,4 ,0 ,L22M,3 ,0 ,S35A,7 ,0 
H126R,77 ,100 ,R169V,4 ,0 ,S11F,14 ,17 ,N74T,7 ,0 
Y135S,8 ,0 ,F170S,4 ,0 ,,,,A36P,0 ,17 
N123D,8 ,0 ,F183I,4 ,0 ,,,,L31F,0 ,17 
Y257W,8 ,0 ,P203L,4 ,0 ,,,,A11D,3 ,0 
Q267H,8 ,0 ,G185R,4 ,0 ,,,,L60I,3 ,0 
I269L,8 ,0 ,S207R,0 ,33 ,,,,R28Q,3 ,0 
S317A,8 ,0 ,F93S,4 ,0 ,,,,I59V,3 ,0 
L336M,8 ,0 ,R122K,4 ,0 ,,,,A34P,0 ,17 
H126[n.d.],8 ,0 ,M133T,4 ,0 ,,,,D22E,3 ,0 
L91I,4 ,0 ,G159A,4 ,0 ,,,,E64D,3 ,0 
Y158F,4 ,0 ,S204N,4 ,0 ,,,,I59F,3 ,0 
P177R,4 ,0 ,F220L,4 ,0 ,,,,S21Q,3 ,0 
V191D,4 ,0 ,S31N,4 ,0 ,,,,S49T,0 ,17 
R192C,4 ,0 ,T127A,4 ,0 ,,,,Y38F,3 ,0 
E271D,4 ,0 ,K160N,4 ,0 ,,,,A131P,3 ,0 
Q334H,4 ,0 ,Q101H,4 ,0 ,,,,S106F,3 ,0 
L331R,4 ,0 ,I208T,4 ,0 ,,,,A41G,3 ,0 
C332G,4 ,0 ,P217L,4 ,0 ,,,,N92H,3 ,0 
Y339C,4 ,0 ,C221Y,4 ,0 ,,,,L119F,3 ,0 
R193K,4 ,0 ,S207N,4 ,0 ,,,,V120G,3 ,0 
M309K,4 ,0 ,L216,4 ,0 ,,,,D153,7 ,17 
N76D,0 ,33 ,Q30K,8 ,0 ,,,,R154,21 ,33 
V191I,0 ,33 ,T57I,4 ,0 ,,,,A11G,0 ,17 
Q215S,0 ,33 ,S113A,4 ,0 ,,,,E43K,3 ,0 
N238H,0 ,33 ,T127P,4 ,0 ,,,,S21F,3 ,0 
Y135D,4 ,0 ,T127L,4 ,0 ,,,,C61W,3 ,0 
L229M,4 ,0 ,G145R,4 ,0 ,,,,T12I,0 ,17 
T322S,4 ,0 ,V224A,4 ,0 ,,,,I126V,3 ,0 
Y339H,4 ,0 ,A128V,81 ,100 ,,,,V85E,3 ,0 
L115V,4 ,0 ,T118V,69 ,100 ,,,,L100R,3 ,0 
Y135C,4 ,0 ,S154*,4 ,0 ,,,,R127G,3 ,0 
I169L,4 ,0 ,K141[n.d.],0 ,33 ,,,,E113K,3 ,0 
A38S,4 ,0 ,T118[n.d.],4 ,0 ,,,,P138R,3 ,0 
N337H,4 ,0 ,S117[n.d.],4 ,0 ,,,,R127S,0 ,17 
P299R,4 ,0 ,C137[n.d.],4 ,0 ,,,,I139S,3 ,0 
D7A,4 ,0 ,G159[n.d.],4 ,0 ,,,,L140F,3 ,0 
N122H,4 ,0 ,F170[n.d.],4 ,0 ,,,,R154Q,3 ,0 
V163I,4 ,0 ,S171[n.d.],0 ,0 ,,,,R160K,3 ,0 
I253V,4 ,0 ,W182*,0 ,33 ,,,,N74V,79 ,83 
V278I,4 ,0 ,A166[n.d.],4 ,0 ,,,,L116I,86 ,83 
I266R,19 ,0 ,P178[n.d.],4 ,0 ,,,,E40D,10 ,17 
A38E,12 ,0 ,F161[n.d.],4 ,0 ,,,,W102G,10 ,0 
R153Q,4 ,0 ,F183[n.d.],4 ,0 ,,,,R159K,10 ,0 
F122L,4 ,0 ,V177LV,4 ,0 ,,,,N74G,7 ,0 
Q130P,4 ,0 ,,,,,,,A80T,7 ,0 
N131H,4 ,0 ,,,,,,,E77Q,3 ,17 
G255D,4 ,0 ,,,,,,,L84Q,3 ,17 
I266T,4 ,0 ,,,,,,,I139F,3 ,17 
A38T,0 ,33 ,,,,,,,R112K,3 ,17 
A7E,4 ,0 ,,,,,,,G155S,3 ,17 
A21S,4 ,0 ,,,,,,,L84Q,3 ,17 
H9Y,4 ,0 ,,,,,,,I139F,3 ,17 
A7D,4 ,0 ,,,,,,,D153G,14 ,17 
I121S,4 ,0 ,,,,,,,N87S,100 ,100 
G127GW,4 ,0 ,,,,,,,I97F,100 ,100 
P170S,4 ,0 ,,,,,,,W125*LW,0 ,17 
F178L,4 ,0 ,,,,,,,I126IS,0 ,17 
P325R,0 ,33 ,,,,,,,R152QR,3 ,0 
A329T,0 ,33 ,,,,,,,L140[n.d.],3 ,17 
L331LV,0 ,33 ,,,,,,,E40*,10 ,33 
K333A,0 ,33 ,,,,,,,L140*,7 ,33 
Q334I,0 ,33 ,,,,,,,T142IT,0 ,17 
Y335L,0 ,33 ,,,,,,,S21*,14 ,17 
L336I,0 ,33 ,,,,,,,,,
N337L,0 ,33 ,,,,,,,,,
Y339V,0 ,33 ,,,,,,,,,
P340A,0 ,33 ,,,,,,,,,
V341G,0 ,33 ,,,,,,,,,
A342T,0 ,33 ,,,,,,,,,
R343D,0 ,33 ,,,,,,,,,
C332Y,4 ,0 ,,,,,,,,,
N53D,85 ,100 ,,,,,,,,,
Y54H,85 ,100 ,,,,,,,,,
N248H,15 ,0 ,,,,,,,,,
A7T,8 ,0 ,,,,,,,,,
N118D,8 ,0 ,,,,,,,,,
L331V,8 ,0 ,,,,,,,,,
T150[n.d.],0 ,33 ,,,,,,,,,
K268[n.d.],4 ,0 ,,,,,,,,,
R274[n.d.],4 ,0 ,,,,,,,,,
P310[n.d.],4 ,0 ,,,,,,,,,
Q316[n.d.],4 ,33 ,,,,,,,,,
K318[n.d.],4 ,33 ,,,,,,,,,
A320[n.d.],4 ,0 ,,,,,,,,,
P325Q,4 ,0 ,,,,,,,,,
T326L,4 ,0 ,,,,,,,,,
Y327Q,4 ,0 ,,,,,,,,,
K328A,4 ,0 ,,,,,,,,,
A329F,4 ,0 ,,,,,,,,,
F330C,4 ,0 ,,,,,,,,,
C332T,4 ,0 ,,,,,,,,,
K333I,4 ,0 ,,,,,,,,,
Q334L,4 ,0 ,,,,,,,,,
Y335N,4 ,0 ,,,,,,,,,
L336V,4 ,0 ,,,,,,,,,
N337T,4 ,0 ,,,,,,,,,
L338D,4 ,0 ,,,,,,,,,
Y339A,4 ,0 ,,,,,,,,,
P340G,4 ,0 ,,,,,,,,,
V341T,4 ,0 ,,,,,,,,,
Q344S,4 ,0 ,,,,,,,,,
L145[n.d.],4 ,0 ,,,,,,,,,
R167[n.d.],4 ,0 ,,,,,,,,,
L179[n.d.],4 ,0 ,,,,,,,,,
R242[n.d.],0 ,33 ,,,,,,,,,
G292[n.d.],0 ,33 ,,,,,,,,,
L308[n.d.],0 ,33 ,,,,,,,,,
M309[n.d.],0 ,33 ,,,,,,,,,
F323[n.d.],0 ,33 ,,,,,,,,,
Y327[n.d.],0 ,33 ,,,,,,,,,
C332*,12 ,33 ,,,,,,,,,
I121IS,4 ,0 ,,,,,,,,,
Q149KQ,4 ,0 ,,,,,,,,,
G174[n.d.],4 ,0 ,,,,,,,,,
A186[n.d.],4 ,0 ,,,,,,,,,
Y257*,8 ,33 ,,,,,,,,,
I169[n.d.],4 ,0 ,,,,,,,,,
R192[n.d.],4 ,0 ,,,,,,,,,
S185ST,4 ,0 ,,,,,,,,,