RT Region,,,,SHB Region,,,,Pre Core region,,,,Core Region,,,
RT_Mutation,RT_Acute,RT_Chronic,RT_p_value,SHB_Mutation,SHB_Acute,SHB_Chronic,SHB_p_value,Pre_Core_Mutation,Pre_Core_Acute,Pre_Core_Chronic,Pre_Core_p_value,Core_Mutation,Core_Acute,Core_Chronic,Core_p_value
S185T,24 ,0 ,0.072,T189I,0 ,25 ,0.032,W28*,15 ,53 ,0.018,T12S,0 ,27 ,0.015
Q316H,24 ,0 ,0.072,V177L,24 ,0 ,0.072,G29D,10 ,40 ,0.039,S21T,0 ,13 ,0.102
M129L,0 ,17 ,0.083,T118A,0 ,17 ,0.083,S11C,0 ,7 ,0.236,P79Q,0 ,13 ,0.102
L140F,0 ,17 ,0.083,T125M,12 ,0 ,0.221,C12R,0 ,7 ,0.236,E113Q,5 ,20 ,0.174
N131D,0 ,17 ,0.083,Q54R,0 ,8 ,0.244,P15R,5 ,0 ,0.387,N74A,0 ,20 ,0.174
D263E,18 ,0 ,0.127,I150F,0 ,8 ,0.244,L22M,5 ,0 ,0.387,S35A,10 ,0 ,0.214
H126R,71 ,92 ,0.174,R169V,0 ,8 ,0.244,S11F,15 ,13 ,0.869,N74T,10 ,0 ,0.214
Y135S,12 ,0 ,0.221,F170S,0 ,8 ,0.244,,,,,A36P,0 ,7 ,0.237
N123D,12 ,0 ,0.221,F183I,0 ,8 ,0.244,,,,,L31F,0 ,7 ,0.237
Y257W,12 ,0 ,0.221,P203L,0 ,8 ,0.244,,,,,A11D,0 ,7 ,0.237
Q267H,12 ,0 ,0.221,G185R,0 ,8 ,0.244,,,,,L60I,0 ,7 ,0.237
I269L,12 ,0 ,0.221,S207R,0 ,8 ,0.244,,,,,R28Q,0 ,7 ,0.237
S317A,12 ,0 ,0.221,F93S,0 ,8 ,0.244,,,,,I59V,0 ,7 ,0.237
L336M,12 ,0 ,0.221,R122K,0 ,8 ,0.244,,,,,A34P,0 ,7 ,0.237
H126[n.d.],12 ,0 ,0.221,M133T,0 ,8 ,0.244,,,,,D22E,0 ,7 ,0.237
L91I,0 ,8 ,0.244,G159A,0 ,8 ,0.244,,,,,E64D,0 ,7 ,0.237
Y158F,0 ,8 ,0.244,S204N,0 ,8 ,0.244,,,,,I59F,0 ,7 ,0.237
P177R,0 ,8 ,0.244,F220L,0 ,8 ,0.244,,,,,S21Q,0 ,7 ,0.237
V191D,0 ,8 ,0.244,S31N,0 ,8 ,0.244,,,,,S49T,0 ,7 ,0.237
R192C,0 ,8 ,0.244,T127A,0 ,8 ,0.244,,,,,Y38F,0 ,7 ,0.237
E271D,0 ,8 ,0.244,K160N,0 ,8 ,0.244,,,,,A131P,0 ,7 ,0.237
Q334H,0 ,8 ,0.244,Q101H,0 ,8 ,0.244,,,,,S106F,0 ,7 ,0.237
L331R,0 ,8 ,0.244,I208T,0 ,8 ,0.244,,,,,A41G,0 ,7 ,0.237
C332G,0 ,8 ,0.244,P217L,0 ,8 ,0.244,,,,,N92H,0 ,7 ,0.237
Y339C,0 ,8 ,0.244,C221Y,0 ,8 ,0.244,,,,,L119F,0 ,7 ,0.237
R193K,0 ,8 ,0.244,S207N,0 ,8 ,0.244,,,,,V120G,0 ,7 ,0.237
M309K,0 ,8 ,0.244,L216,0 ,8 ,0.244,,,,,D153,35 ,20 ,0.338
N76D,0 ,8 ,0.244,Q30K,6 ,17 ,0.351,,,,,R154,35 ,20 ,0.338
V191I,0 ,8 ,0.244,T57I,6 ,0 ,0.396,,,,,A11G,5 ,0 ,0.387
Q215S,0 ,8 ,0.244,S113A,6 ,0 ,0.396,,,,,E43K,5 ,0 ,0.387
N238H,0 ,8 ,0.244,T127P,6 ,0 ,0.396,,,,,S21F,5 ,0 ,0.387
Y135D,0 ,8 ,0.244,T127L,6 ,0 ,0.396,,,,,C61W,5 ,0 ,0.387
L229M,0 ,8 ,0.244,G145R,6 ,0 ,0.396,,,,,T12I,5 ,0 ,0.387
T322S,0 ,8 ,0.244,V224A,6 ,0 ,0.396,,,,,I126V,5 ,0 ,0.387
Y339H,0 ,8 ,0.244,A128V,82 ,83 ,0.945,,,,,V85E,5 ,0 ,0.387
L115V,0 ,8 ,0.244,T118V,76 ,75 ,0.952,,,,,L100R,5 ,0 ,0.387
Y135C,0 ,8 ,0.244,S154*,6,0,0.396,,,,,R127G,5 ,0 ,0.387
I169L,0 ,8 ,0.244,K141[n.d.],6,0,0.396,,,,,E113K,5 ,0 ,0.387
A38S,0 ,8 ,0.244,T118[n.d.],6,0,0.396,,,,,P138R,5 ,0 ,0.387
N337H,0 ,8 ,0.244,S117[n.d.],6,0,0.396,,,,,R127S,5 ,0 ,0.387
P299R,0 ,8 ,0.244,C137[n.d.],6,0,0.396,,,,,I139S,5 ,0 ,0.387
D7A,0 ,8 ,0.244,G159[n.d.],6,0,0.396,,,,,L140F,5 ,0 ,0.387
N122H,0 ,8 ,0.244,F170[n.d.],6,0,0.396,,,,,R154Q,5 ,0 ,0.387
V163I,0 ,8 ,0.244,S171[n.d.],6,0,0.396,,,,,R160K,5 ,0 ,0.387
I253V,0 ,8 ,0.244,W182*,0,8,0.244,,,,,N74V,85 ,73 ,0.388
V278I,0 ,8 ,0.244,A166[n.d.],0,8,0.244,,,,,L116I,90 ,80 ,0.41
I266R,24 ,8 ,0.271,P178[n.d.],0,8,0.244,,,,,E40D,15 ,7 ,0.471
A38E,6 ,17 ,0.351,F161[n.d.],0,8,0.244,,,,,W102G,10 ,7 ,0.759
R153Q,6 ,0 ,0.396,F183[n.d.],0,8,0.244,,,,,R159K,10 ,7 ,0.759
F122L,6 ,0 ,0.396,V177LV,0,8,0.244,,,,,N74G,5 ,7 ,0.806
Q130P,6 ,0 ,0.396,,,,,,,,,A80T,5 ,7 ,0.806
N131H,6 ,0 ,0.396,,,,,,,,,E77Q,5 ,7 ,0.806
G255D,6 ,0 ,0.396,,,,,,,,,L84Q,5 ,7 ,0.806
I266T,6 ,0 ,0.396,,,,,,,,,I139F,5 ,7 ,0.806
A38T,6 ,0 ,0.396,,,,,,,,,R112K,5 ,7 ,0.806
A7E,6 ,0 ,0.396,,,,,,,,,G155S,5 ,7 ,0.806
A21S,6 ,0 ,0.396,,,,,,,,,L84Q,5 ,7 ,0.806
H9Y,6 ,0 ,0.396,,,,,,,,,I139F,5 ,7 ,0.806
A7D,6 ,0 ,0.396,,,,,,,,,D153G,15 ,13 ,0.869
I121S,6 ,0 ,0.396,,,,,,,,,N87S,100 ,100 ,NS
G127GW,6 ,0 ,0.396,,,,,,,,,I97F,100 ,100 ,NS
P170S,6 ,0 ,0.396,,,,,,,,,W125*LW,5 ,0 ,0.387
F178L,6 ,0 ,0.396,,,,,,,,,I126IS,5 ,0 ,0.387
P325R,6 ,0 ,0.396,,,,,,,,,R152QR,5 ,0 ,0.387
A329T,6 ,0 ,0.396,,,,,,,,,L140[n.d.],5 ,7 ,0.806
L331LV,6 ,0 ,0.396,,,,,,,,,E40*,0 ,7 ,0.237
K333A,6 ,0 ,0.396,,,,,,,,,L140*,0 ,7 ,0.237
Q334I,6 ,0 ,0.396,,,,,,,,,T142IT,0 ,7 ,0.237
Y335L,6 ,0 ,0.396,,,,,,,,,S21*,0 ,7 ,0.237
L336I,6 ,0 ,0.396,,,,,,,,,,,,
N337L,6 ,0 ,0.396,,,,,,,,,,,,
Y339V,6 ,0 ,0.396,,,,,,,,,,,,
P340A,6 ,0 ,0.396,,,,,,,,,,,,
V341G,6 ,0 ,0.396,,,,,,,,,,,,
A342T,6 ,0 ,0.396,,,,,,,,,,,,
R343D,6 ,0 ,0.396,,,,,,,,,,,,
C332Y,6 ,0 ,0.396,,,,,,,,,,,,
N53D,82 ,92 ,0.451,,,,,,,,,,,,
Y54H,82 ,92 ,0.451,,,,,,,,,,,,
N248H,18 ,8 ,0.451,,,,,,,,,,,,
A7T,12 ,8 ,0.732,,,,,,,,,,,,
N118D,6 ,8 ,0.836,,,,,,,,,,,,
L331V,6 ,8 ,0.836,,,,,,,,,,,,
T150[n.d.],6,0,0.396,,,,,,,,,,,,
K268[n.d.],6,0,0.396,,,,,,,,,,,,
R274[n.d.],6,0,0.396,,,,,,,,,,,,
P310[n.d.],6,0,0.396,,,,,,,,,,,,
Q316[n.d.],12,0,0.221,,,,,,,,,,,,
K318[n.d.],12,0,0.221,,,,,,,,,,,,
A320[n.d.],6,0,0.396,,,,,,,,,,,,
P325Q,6,0,0.396,,,,,,,,,,,,
T326L,6,0,0.396,,,,,,,,,,,,
Y327Q,6,0,0.396,,,,,,,,,,,,
K328A,6,0,0.396,,,,,,,,,,,,
A329F,6,0,0.396,,,,,,,,,,,,
F330C,6,0,0.396,,,,,,,,,,,,
C332T,6,0,0.396,,,,,,,,,,,,
K333I,6,0,0.396,,,,,,,,,,,,
Q334L,6,0,0.396,,,,,,,,,,,,
Y335N,6,0,0.396,,,,,,,,,,,,
L336V,6,0,0.396,,,,,,,,,,,,
N337T,6,0,0.396,,,,,,,,,,,,
L338D,6,0,0.396,,,,,,,,,,,,
Y339A,6,0,0.396,,,,,,,,,,,,
P340G,6,0,0.396,,,,,,,,,,,,
V341T,6,0,0.396,,,,,,,,,,,,
Q344S,6,0,0.396,,,,,,,,,,,,
L145[n.d.],6,0,0.396,,,,,,,,,,,,
R167[n.d.],6,0,0.396,,,,,,,,,,,,
L179[n.d.],6,0,0.396,,,,,,,,,,,,
R242[n.d.],6,0,0.396,,,,,,,,,,,,
G292[n.d.],6,0,0.396,,,,,,,,,,,,
L308[n.d.],6,0,0.396,,,,,,,,,,,,
M309[n.d.],6,0,0.396,,,,,,,,,,,,
F323[n.d.],6,0,0.396,,,,,,,,,,,,
Y327[n.d.],6,0,0.396,,,,,,,,,,,,
C332*,6,0,0.396,,,,,,,,,,,,
I121IS,0 ,8 ,0.244,,,,,,,,,,,,
Q149KQ,0 ,8 ,0.244,,,,,,,,,,,,
G174[n.d.],0 ,8 ,0.244,,,,,,,,,,,,
A186[n.d.],0 ,8 ,0.244,,,,,,,,,,,,
Y257*,0 ,8 ,0.244,,,,,,,,,,,,
I169[n.d.],0 ,8 ,0.244,,,,,,,,,,,,
R192[n.d.],0 ,8 ,0.244,,,,,,,,,,,,
S185ST,0 ,8 ,0.244,,,,,,,,,,,,